<?xml version="1.0" encoding="UTF-8"?>
<ui id="test">

	<layout>
		<container orientation="vertical" autoresize_height="false">
			<view class="BeeUIButton" id="welcome" h="60%" style="welcome"/>
			<space h="2.5%"/>
			<container orientation="horizonal" h="10%">
				<space w="4%"/>
				<view class="BeeUIButton" id="facebook" w="92%" style="facebook"/>
				<space w="4%"/>
			</container>
            <space h="2.5%"/>
			<container orientation="horizonal" h="10%">
				<space w="4%"/>
				<view class="BeeUIButton" id="twitter" w="44%" style="twitter"/>
				<space w="4%"/>
				<view class="BeeUIButton" id="google" w="44%" style="google"/>
				<space w="4%"/>
			</container>
			<space h="2.5%"/>
			<container orientation="horizonal" h="10%">
				<space w="4%"/>
				<view class="BeeUIButton" id="sign-up" w="44%" style="sign-up"/>
				<space w="4%"/>
				<view class="BeeUIButton" id="sign-in" w="44%" style="sign-in"/>
				<space w="4%"/>
			</container>
		</container>
	</layout>

	<style id="welcome">
		font:	'24, bold';
		color:	#369;
		text:	"We are the champion!";
	</style>
	<style id="facebook">
		{
			"font" :	"18, bold",
			"color" :	"#666",
			"text" :	"Facebook"
		}
	</style>
	<style id="twitter">
		{
			"font" :	"18, bold",
			"color" :	"#666",
			"text" :	"Twitter"
		}
	</style>
	<style id="google">
		{
			"font" :	"18, bold",
			"color" :	"#666",
			"text" :	"Google"
		}
	</style>
	<style id="sign-up">
		font:	'18, bold';
		color:	#666;
		text:	"Sign up";
	</style>
	<style id="sign-in">
		font:	'18, bold';
		color:	#666;
		text:	"Sign in";
	</style>

</ui>
